collection,folder,tileShape,sources,cover,logo,hero
Discover,Latest Movies,LANDSCAPE,aio-metadata|movie|mdblist.86934,https://raw.githubusercontent.com/elucidationvortex-source/nuviotemplate/refs/heads/main/images/Latest-Movies.jpg,,
Discover,Latest Shows,LANDSCAPE,aio-metadata|series|mdblist.86710,https://raw.githubusercontent.com/elucidationvortex-source/nuviotemplate/refs/heads/main/images/Latest-Shows.jpg,,
Discover,Trending Movies,LANDSCAPE,aio-metadata|movie|mdblist.87667,https://raw.githubusercontent.com/elucidationvortex-source/nuviotemplate/refs/heads/main/images/Trending-Movies.jpg,,
Discover,Trending Shows,LANDSCAPE,aio-metadata|series|mdblist.88434,https://raw.githubusercontent.com/elucidationvortex-source/nuviotemplate/refs/heads/main/images/Trending-Shows.jpg,,
Streaming Services,Netflix,LANDSCAPE,pw.ers.netflix-catalog|movie|nfx pw.ers.netflix-catalog|series|nfx,https://raw.githubusercontent.com/illiyah/Images/main/Netflix-coverimage.webp,https://raw.githubusercontent.com/illiyah/Images/main/Netflix-titlelogo.webp,https://raw.githubusercontent.com/illiyah/Images/main/Netflix-backdrop_1080p.webp
Streaming Services,Disney+,LANDSCAPE,pw.ers.netflix-catalog|movie|dnp pw.ers.netflix-catalog|series|dnp,https://raw.githubusercontent.com/illiyah/Images/main/DisneyPlus-coverimage.webp,https://raw.githubusercontent.com/illiyah/Images/main/DisneyPlus-titlelogo.webp,https://raw.githubusercontent.com/illiyah/Images/main/DisneyPlus-backdrop_1080p.webp
Streaming Services,Apple TV,LANDSCAPE,pw.ers.netflix-catalog|movie|atp pw.ers.netflix-catalog|series|atp,https://raw.githubusercontent.com/illiyah/Images/main/AppleTV-coverimage.webp,https://raw.githubusercontent.com/illiyah/Images/main/AppleTV-titleimage.webp,https://raw.githubusercontent.com/illiyah/Images/main/AppleTV-backdrop_1080p.webp
Streaming Services,Prime Video,LANDSCAPE,pw.ers.netflix-catalog|movie|amp pw.ers.netflix-catalog|series|amp,https://raw.githubusercontent.com/illiyah/Images/main/Prime-coverimage.webp,https://raw.githubusercontent.com/illiyah/Images/main/Prime-titlelogo.webp,https://raw.githubusercontent.com/illiyah/Images/main/Prime-backdrop_1080p.webp
Streaming Services,HBO Max,LANDSCAPE,pw.ers.netflix-catalog|movie|hbm pw.ers.netflix-catalog|series|hbm,https://raw.githubusercontent.com/illiyah/Images/main/HBOMax-coverimage.webp,https://raw.githubusercontent.com/illiyah/Images/main/HBOMax-titlelogo.webp,https://raw.githubusercontent.com/illiyah/Images/main/HBOMax-backdrop_1080p.webp
Streaming Services,Hulu,LANDSCAPE,pw.ers.netflix-catalog|movie|hlu pw.ers.netflix-catalog|series|hlu,https://raw.githubusercontent.com/illiyah/Images/main/Hulu-coverimage.webp,https://raw.githubusercontent.com/illiyah/Images/main/Hulu-titlelogo.webp,https://raw.githubusercontent.com/illiyah/Images/main/Hulu-backdrop_1080p.webp
Streaming Services,Paramount+,LANDSCAPE,pw.ers.netflix-catalog|movie|pmp pw.ers.netflix-catalog|series|pmp,https://raw.githubusercontent.com/illiyah/Images/main/ParamountPlus-coverimage.webp,https://raw.githubusercontent.com/illiyah/Images/main/ParamountPlus-titlelogo.webp,https://raw.githubusercontent.com/illiyah/Images/main/ParamountPlus-backdrop_1080p.webp
Streaming Services,Peacock,LANDSCAPE,pw.ers.netflix-catalog|movie|pcp pw.ers.netflix-catalog|series|pcp,https://raw.githubusercontent.com/illiyah/Images/main/Peacock-coverimage.webp,https://raw.githubusercontent.com/illiyah/Images/main/Peacock-titlelogo.webp,https://raw.githubusercontent.com/illiyah/Images/main/PeacockPlus-backdrop_1080p.webp
Streaming Services,Starz,LANDSCAPE,pw.ers.netflix-catalog|movie|stz pw.ers.netflix-catalog|series|stz,https://raw.githubusercontent.com/illiyah/Images/main/Starz-coverimage.webp,https://raw.githubusercontent.com/illiyah/Images/main/Starz-titlelogo.webp,https://raw.githubusercontent.com/illiyah/Images/main/Starz-backdrop_1080p.webp
Streaming Services,Shudder,LANDSCAPE,aio-metadata|movie|mdblist.8862 aio-metadata|series|mdblist.8861,https://raw.githubusercontent.com/illiyah/Images/main/Shudder-coverimage.webp,https://raw.githubusercontent.com/illiyah/Images/main/Shudder-titlelogo.webp,https://raw.githubusercontent.com/illiyah/Images/main/Shudder-backdrop_1080p.webp
Streaming Services,Adult Swim,LANDSCAPE,aio-metadata|series|mdblist.59779,https://raw.githubusercontent.com/elucidationvortex-source/nuviotemplate/refs/heads/main/images/adult-swim.jpg,,
Genres,Action,POSTER,aio-metadata|movie|mdblist.91211 aio-metadata|series|mdblist.91213,https://raw.githubusercontent.com/elucidationvortex-source/nuviotemplate/refs/heads/main/images/action.png,,
Genres,Comedy,POSTER,aio-metadata|movie|mdblist.91223 aio-metadata|series|mdblist.91224,https://raw.githubusercontent.com/elucidationvortex-source/nuviotemplate/refs/heads/main/images/comedy.png,,
Genres,Sci-Fi,POSTER,aio-metadata|movie|mdblist.91220 aio-metadata|series|mdblist.91221,https://raw.githubusercontent.com/elucidationvortex-source/nuviotemplate/refs/heads/main/images/sci-fi.png,,
Genres,Crime,POSTER,aio-metadata|movie|mdblist.3108 aio-metadata|series|mdblist.3126,https://raw.githubusercontent.com/elucidationvortex-source/nuviotemplate/refs/heads/main/images/crime.png,,
Genres,Thriller,POSTER,aio-metadata|movie|mdblist.91893 aio-metadata|series|mdblist.91894,https://raw.githubusercontent.com/elucidationvortex-source/nuviotemplate/refs/heads/main/images/thriller.png,,
Genres,Drama,POSTER,aio-metadata|movie|mdblist.91296 aio-metadata|series|mdblist.91297,https://raw.githubusercontent.com/elucidationvortex-source/nuviotemplate/refs/heads/main/images/drama.png,,
Genres,Horror,POSTER,aio-metadata|movie|mdblist.91215 aio-metadata|series|mdblist.91217 aio-metadata|movie|mdblist.102554,https://raw.githubusercontent.com/elucidationvortex-source/nuviotemplate/refs/heads/main/images/horror.png,,
Genres,Mystery,POSTER,aio-metadata|movie|mdblist.40490 aio-metadata|series|mdblist.40804,https://raw.githubusercontent.com/elucidationvortex-source/nuviotemplate/refs/heads/main/images/mystery.png,,
Genres,Mindfuck,POSTER,aio-metadata|movie|mdblist.114516,https://raw.githubusercontent.com/elucidationvortex-source/nuviotemplate/refs/heads/main/images/mindfuck.png,,
Genres,Anime,POSTER,aio-metadata|anime|anilist.trending aio-metadata|anime|mal.discover.anime.top_anime.mnxr57of aio-metadata|anime|mal.discover.anime.top_anime_movies.mnxr68mk,https://raw.githubusercontent.com/elucidationvortex-source/nuviotemplate/refs/heads/main/images/anime.png,,
Genres,Documentary,POSTER,aio-metadata|movie|mdblist.128051 aio-metadata|series|mdblist.128052,https://raw.githubusercontent.com/elucidationvortex-source/nuviotemplate/refs/heads/main/images/documentary.jpg,,
Genres,Romance,POSTER,aio-metadata|movie|mdblist.128262 aio-metadata|series|mdblist.128265,https://raw.githubusercontent.com/elucidationvortex-source/nuviotemplate/refs/heads/main/images/romance.jpg,,
Genres,History,POSTER,aio-metadata|movie|mdblist.6638 aio-metadata|series|mdblist.6608,https://raw.githubusercontent.com/elucidationvortex-source/nuviotemplate/refs/heads/main/images/history.jpg,,
Genres,Animation,POSTER,aio-metadata|movie|mdblist.121922 aio-metadata|series|mdblist.121921,https://raw.githubusercontent.com/elucidationvortex-source/nuviotemplate/refs/heads/main/images/animation.jpg,,
Genres,Reality TV,POSTER,aio-metadata|series|mdblist.128054,https://raw.githubusercontent.com/elucidationvortex-source/nuviotemplate/refs/heads/main/images/reality-tv.jpg,,
Genres,Family,POSTER,aio-metadata|movie|mdblist.43249 aio-metadata|series|mdblist.43251,https://raw.githubusercontent.com/elucidationvortex-source/nuviotemplate/refs/heads/main/images/family.jpg,,
Genres,Nature,POSTER,aio-metadata|series|mdblist.113465,https://raw.githubusercontent.com/elucidationvortex-source/nuviotemplate/refs/heads/main/images/nature.jpg,,
Decades,20's Movies,LANDSCAPE,aio-metadata|movie|mdblist.91304,https://raw.githubusercontent.com/elucidationvortex-source/nuviotemplate/refs/heads/main/images/20snew.jpg,,
Decades,10's Movies,LANDSCAPE,aio-metadata|movie|mdblist.91303,https://raw.githubusercontent.com/elucidationvortex-source/nuviotemplate/refs/heads/main/images/10snew.jpg,,
Decades,00's Movies,LANDSCAPE,aio-metadata|movie|mdblist.91302,https://raw.githubusercontent.com/elucidationvortex-source/nuviotemplate/refs/heads/main/images/00snew.jpg,,
Decades,90's Movies,LANDSCAPE,aio-metadata|movie|mdblist.91300,https://raw.githubusercontent.com/elucidationvortex-source/nuviotemplate/refs/heads/main/images/90snew.jpg,,
Decades,80's Movies,LANDSCAPE,aio-metadata|movie|mdblist.91301,https://raw.githubusercontent.com/elucidationvortex-source/nuviotemplate/refs/heads/main/images/80snew.jpg,,
Decades,70's Movies,LANDSCAPE,aio-metadata|movie|mdblist.127962,https://raw.githubusercontent.com/elucidationvortex-source/nuviotemplate/refs/heads/main/images/70snew.png,,
Decades,60's Movies,LANDSCAPE,aio-metadata|movie|mdblist.144321,https://raw.githubusercontent.com/elucidationvortex-source/nuviotemplate/refs/heads/main/images/60snew.png,,
Collections,Marvel,LANDSCAPE,com.joaogonp.marveladdon.custom.marvel-mcu|Marvel|marvel-mcu,https://raw.githubusercontent.com/elucidationvortex-source/nuviotemplate/refs/heads/main/images/Marvel.jpg,,
Collections,DC Universe,LANDSCAPE,com.tapframe.dcaddon.custom.dc-chronological|DC|dc-chronological,https://raw.githubusercontent.com/elucidationvortex-source/nuviotemplate/refs/heads/main/images/DC.jpg,,
Collections,Star Wars,LANDSCAPE,com.starwars.addon.custom.sw-movies-series-chronological|StarWars|sw-movies-series-chronological,https://raw.githubusercontent.com/elucidationvortex-source/nuviotemplate/refs/heads/main/images/Star-Wars.jpg,,
Collections,James Bond,LANDSCAPE,aio-metadata|movie|mdblist.7947,https://raw.githubusercontent.com/elucidationvortex-source/nuviotemplate/refs/heads/main/images/007.jpg,,
Collections,Harry Potter,LANDSCAPE,aio-metadata|movie|mdblist.102972,https://raw.githubusercontent.com/elucidationvortex-source/nuviotemplate/refs/heads/main/images/Harry-Potter.jpg,,
Collections,Alien vs Predator,LANDSCAPE,aio-metadata|all|mdblist.101434,https://raw.githubusercontent.com/elucidationvortex-source/nuviotemplate/refs/heads/main/images/avp.jpg,,
Collections,Pirates of the Carribbean,LANDSCAPE,aio-metadata|movie|mdblist.82145,https://raw.githubusercontent.com/elucidationvortex-source/nuviotemplate/refs/heads/main/images/pirates.jpg,,
Collections,Terminator,LANDSCAPE,aio-metadata|all|mdblist.125458,https://raw.githubusercontent.com/elucidationvortex-source/nuviotemplate/refs/heads/main/images/Terminator.jpg,,
Collections,Mission Impossible,LANDSCAPE,aio-metadata|movie|mdblist.42716,https://raw.githubusercontent.com/elucidationvortex-source/nuviotemplate/refs/heads/main/images/mission-impossible.jpg,,
Collections,Jurassic Park,LANDSCAPE,aio-metadata|all|mdblist.120197,https://raw.githubusercontent.com/elucidationvortex-source/nuviotemplate/refs/heads/main/images/jurrasic-park.jpg,,
Collections,The Matrix,LANDSCAPE,aio-metadata|movie|mdblist.125142,https://raw.githubusercontent.com/elucidationvortex-source/nuviotemplate/refs/heads/main/images/matrix.jpg,,
Collections,Lord of the Rings,LANDSCAPE,aio-metadata|movie|mdblist.94304,https://raw.githubusercontent.com/elucidationvortex-source/nuviotemplate/refs/heads/main/images/lotr.jpg,,
