slug,image,catalogId,listName,author,items,type,tileShape,override,review
a-nightmare-on-elm-street,a-nightmare-on-elm-street.jpg,mdblist.159500,A Nightmare on Elm Street,sam_thomas_kk,10,movie,LANDSCAPE,,
a-quiet-place,a-quiet-place.jpg,mdblist.153949,A Quiet Place Collection,nobnob,3,movie,LANDSCAPE,,
alien,alien.jpg,mdblist.115486,Alien,marshallp,13,movie,LANDSCAPE,,
american-pie,american-pie.jpg,mdblist.108518,American Pie,exoduso,10,movie,LANDSCAPE,,
are-you-afraid-of-the-dark,are-you-afraid-of-the-dark.jpg,mdblist.154992,Are You Afraid of the Dark?,nxsxs,2,movie,LANDSCAPE,,yes
avatar,avatar.jpg,mdblist.102983,Avatar Collection,thebirdod,5,movie,LANDSCAPE,auto-match hit the 'Avatar' TV show; this is the films,
back-to-the-future,back-to-the-future.jpg,mdblist.24570,Back to the future,bolderman,3,movie,LANDSCAPE,,
bad-boys,bad-boys.jpg,mdblist.59849,Bad Boys,wheezer0610,4,movie,LANDSCAPE,,
blair-witch,blair-witch.jpg,mdblist.154902,Blair Witch Collection,nxsxs,16,movie,LANDSCAPE,,
bourne-collection,bourne-collection.jpg,mdblist.85229,Bourne Collection,aaron713,5,movie,LANDSCAPE,,
candyman,candyman.jpg,mdblist.59619,Candyman,wheezer0610,4,movie,LANDSCAPE,,
chucky,chucky.jpg,mdblist.196673,Chucky,iamwills,8,movie,LANDSCAPE,,
dc-universe,dc-universe.jpg,mdblist.100123,DC Universe,triggerhappy,169,movie,LANDSCAPE,,
dexter,dexter.jpg,mdblist.155013,Dexter,nxsxs,6,movie,LANDSCAPE,,yes
die-hard,die-hard.jpg,mdblist.59629,Die Hard,wheezer0610,5,movie,LANDSCAPE,,
dune,dune.jpg,mdblist.189347,Dune,marvguy,8,movie,LANDSCAPE,,
eberhofer-krimis,eberhofer-krimis.jpg,mdblist.139107,Eberhofer-Krimis,listmovie,10,movie,LANDSCAPE,only list for the franchise,
expendables,expendables.jpg,mdblist.155359,Expendables,nxsxs,4,movie,LANDSCAPE,,
fast-furious,fast-furious.jpg,mdblist.76743,Fast and Furious Collection,jamestrakt8462,12,movie,LANDSCAPE,search needs 'fast and furious',
final-destination,final-destination.jpg,mdblist.76993,Final Destination,vancityguy,7,movie,LANDSCAPE,,
friday-the-13th,friday-the-13th.jpg,mdblist.155086,Friday the 13th,nxsxs,22,movie,LANDSCAPE,,
ghostbusters,ghostbusters.jpg,mdblist.154827,Ghostbusters,nxsxs,8,movie,LANDSCAPE,,
gremlins,gremlins.jpg,mdblist.183222,Gremlins,seanhugh,2,movie,LANDSCAPE,,yes
halloween,halloween.jpg,mdblist.153954,Halloween Collection,nobnob,12,movie,LANDSCAPE,auto-match hit a 1637-item list; this is the franchise,
hannibal-lecter,hannibal-lecter.jpg,mdblist.59784,Hannibal Lecter,wheezer0610,3,movie,LANDSCAPE,,
happy-death-day,happy-death-day.jpg,mdblist.155014,Happy Death Day Collection,nxsxs,3,movie,LANDSCAPE,,
harry-potter,harry-potter.jpg,mdblist.102972,Harry Potter Collection,thebirdod,11,movie,LANDSCAPE,already in AIO,
hunger-games,hunger-games.jpg,mdblist.136585,Hunger Games,wompomp,6,movie,LANDSCAPE,,
indiana-jones,indiana-jones.jpg,mdblist.20714,Indiana Jones,slimshizn,15,movie,LANDSCAPE,,
it,it.jpg,mdblist.153958,It Collection,nobnob,4,movie,LANDSCAPE,auto-match hit a 100-item mixed list,
james-bond,james-bond.jpg,mdblist.7947,James Bond Movies,hdlists,27,movie,LANDSCAPE,already in AIO,
john-wick,john-wick.jpg,mdblist.181022,John Wick,sargon,7,movie,LANDSCAPE,,
jurassic-world,jurassic-world.jpg,mdblist.120197,Jurassic Park,purple_smurf,11,movie,LANDSCAPE,already in AIO (Jurassic Park Collection),
karate-kid,karate-kid.jpg,mdblist.59641,Karate Kid,wheezer0610,6,movie,LANDSCAPE,,
kingsman,kingsman.jpg,mdblist.194561,Kingsman,mjsciarabba,3,movie,LANDSCAPE,,
lord-of-the-rings-hobbit,lord-of-the-rings-hobbit.jpg,mdblist.94304,Lord of the Rings and Hobbit Collection,spudhead15,6,movie,LANDSCAPE,already in AIO,
mad-max,mad-max.jpg,mdblist.120269,Mad Max,purple_smurf,6,movie,LANDSCAPE,,
marvel,marvel.jpg,mdblist.212608,Marvel,scottjscobie-icloud-com,206,movie,LANDSCAPE,,yes
matrix,matrix.jpg,mdblist.125142,Universe - The Matrix,andyhawks,5,movie,LANDSCAPE,already in AIO (The Matrix Collection),
mission-impossible,mission-impossible.jpg,mdblist.42716,Mission Impossible Saga,nammel,8,movie,LANDSCAPE,already in AIO,
monsterverse,monsterverse.jpg,mdblist.156323,Monsterverse,camcorrado,47,movie,LANDSCAPE,,
now-you-see-me,now-you-see-me.jpg,mdblist.199096,Now You See Me,iamwills,3,movie,LANDSCAPE,,
oceans,oceans.jpg,mdblist.59854,Ocean's Collection,wheezer0610,3,movie,LANDSCAPE,auto-match hit a 775-item style list,
paranormal-activity,paranormal-activity.jpg,mdblist.59780,Paranormal Activity,wheezer0610,7,movie,LANDSCAPE,,
pirates-of-the-carribbean,pirates-of-the-carribbean.jpg,mdblist.82145,Pirates of the Caribbean Collection,aaron713,5,movie,LANDSCAPE,already in AIO,
planet-of-the-apes,planet-of-the-apes.jpg,mdblist.163760,Planet of The Apes,streamm1,12,movie,LANDSCAPE,,
police-academy,police-academy.jpg,mdblist.159298,Police Academy,demonfox,7,movie,LANDSCAPE,,
predator,predator.jpg,mdblist.31302,Predator Collection,wheezer0610,6,movie,LANDSCAPE,auto-match hit a 4-item list,
psycho,psycho.jpg,mdblist.196596,Psycho,iamwills,4,movie,LANDSCAPE,,
quarantine,quarantine.jpg,mdblist.153960,Quarantine Collection,nobnob,2,movie,LANDSCAPE,,yes
rambo,rambo.jpg,mdblist.31324,Rambo,wheezer0610,5,movie,LANDSCAPE,,
resident-evil,resident-evil.jpg,mdblist.155092,Resident Evil,nxsxs,32,movie,LANDSCAPE,,
rocky,rocky.jpg,mdblist.119046,Rocky,jossbosses,10,movie,LANDSCAPE,,
saw,saw.jpg,mdblist.126900,Saw,andrealphus,10,movie,LANDSCAPE,,
scream,scream.jpg,mdblist.154884,Scream,nxsxs,13,movie,LANDSCAPE,,
sherlock-holmes,sherlock-holmes.jpg,mdblist.139809,Sherlock Holmes,lostintheether,5,movie,LANDSCAPE,,
star-trek,star-trek.jpg,mdblist.184810,Star Trek,benfishbus,43,movie,LANDSCAPE,,
star-wars,star-wars.jpg,mdblist.102975,Star Wars Collection,thebirdod,11,movie,LANDSCAPE,auto-match hit a 58-item series list,
taken,taken.jpg,mdblist.59652,Taken,wheezer0610,3,movie,LANDSCAPE,,
terminator,terminator.jpg,mdblist.125458,Universe - The Terminator,andyhawks,9,movie,LANDSCAPE,already in AIO,
terrifier,terrifier.jpg,mdblist.199478,Terrifier,iamwills,4,movie,LANDSCAPE,,
the-conjuring-universe,the-conjuring-universe.jpg,mdblist.68164,The Conjuring Universe,devorix-gmail-com,12,movie,LANDSCAPE,,
the-exorcist,the-exorcist.jpg,mdblist.154826,The Exorcist,nxsxs,9,movie,LANDSCAPE,,
the-godfather,the-godfather.jpg,mdblist.76989,The Godfather,vancityguy,3,movie,LANDSCAPE,,
the-purge,the-purge.jpg,mdblist.166958,The Purge,thekingisred13,6,movie,LANDSCAPE,,
the-shining,the-shining.jpg,mdblist.154996,The Shining Collection,nxsxs,7,movie,LANDSCAPE,,
transformers,transformers.jpg,mdblist.120027,Transformers,purple_smurf,38,movie,LANDSCAPE,,
xxx,xxx.jpg,mdblist.153950,xXx Collection,nobnob,3,movie,LANDSCAPE,,
