family,slug,catalogId,name,uid,items,score,review
awards,bafta,mdblist.211044,BAFTA Winners,mazzi77,80,99.0,
awards,cannes,mdblist.136523,Cannes Winners,levander051,182,104.1,
awards,emmy,mdblist.198804,Emmy winners,brittiny.gonzalez,856,105.0,
awards,golden-globes,mdblist.146627,Golden Globe Winners,atalante421,923,100,
awards,oscars,mdblist.151679,Oscars,adamburns1984,1088,110.0,
awards,venice-film-festival,mdblist.165970,Venice Film Festival,leone.vitalezamp,1553,110.0,
actors,adam-sandler,tmdb.discover.movie.adam-sandler.a8bf988b,Adam Sandler,19292,4.9534,100,
actors,angelina-jolie,tmdb.discover.movie.angelina-jolie.77edd045,Angelina Jolie,11701,10.146,100,
actors,anne-hathaway,tmdb.discover.movie.anne-hathaway.570c50dd,Anne Hathaway,1813,15.9421,100,
actors,arnold-schwarzenegger,tmdb.discover.movie.arnold-schwarzenegger.537b6e86,Arnold Schwarzenegger,1100,6.5994,100,
actors,ben-stiller,tmdb.discover.movie.ben-stiller.ab32f3ed,Ben Stiller,7399,4.8694,100,
actors,benedict-cumberbatch,tmdb.discover.movie.benedict-cumberbatch.4769b6d1,Benedict Cumberbatch,71580,6.2891,100,
actors,bill-murray,tmdb.discover.movie.bill-murray.48d3a7ff,Bill Murray,1532,3.8627,100,
actors,brad-pitt,tmdb.discover.movie.brad-pitt.c5a44bbb,Brad Pitt,287,14.7072,100,
actors,channing-tatum,tmdb.discover.movie.channing-tatum.eeb09f92,Channing Tatum,38673,6.9592,100,
actors,christian-bale,tmdb.discover.movie.christian-bale.4ed8298a,Christian Bale,3894,5.8526,100,
actors,chuck-norris,tmdb.discover.movie.chuck-norris.b87d582c,Chuck Norris,51576,2.7335,100,
actors,clint-eastwood,tmdb.discover.movie.clint-eastwood.b6c714cb,Clint Eastwood,190,8.2224,100,
actors,daniel-craig,tmdb.discover.movie.daniel-craig.8bc41838,Daniel Craig,8784,4.1763,100,
actors,denzel-washington,tmdb.discover.movie.denzel-washington.54f62371,Denzel Washington,5292,7.8293,100,
actors,dwayne-johnson,tmdb.discover.movie.dwayne-johnson.42f8dabd,Dwayne Johnson,18918,8.3065,100,
actors,emma-stone,tmdb.discover.movie.emma-stone.daa21179,Emma Stone,54693,7.7087,100,
actors,florence-pugh,tmdb.discover.movie.florence-pugh.9010ae3c,Florence Pugh,1373737,9.3411,100,
actors,george-clooney,tmdb.discover.movie.george-clooney.5702e6ed,George Clooney,1461,4.9974,100,
actors,harrison-ford,tmdb.discover.movie.harrison-ford.32b82a44,Harrison Ford,3,7.9315,100,
actors,jack-black,tmdb.discover.movie.jack-black.32252fce,Jack Black,70851,7.3731,100,
actors,jackie-chan,tmdb.discover.movie.jackie-chan.f1527193,Jackie Chan,18897,11.0762,100,
actors,jason-statham,tmdb.discover.movie.jason-statham.71e45276,Jason Statham,976,18.1347,100,
actors,jenna-ortega,tmdb.discover.movie.jenna-ortega.4866a2ed,Jenna Ortega,974169,11.9576,100,
actors,jennifer-aniston,tmdb.discover.movie.jennifer-aniston.04d2f6c9,Jennifer Aniston,4491,5.1206,100,
actors,jennifer-lawrence,tmdb.discover.movie.jennifer-lawrence.ae4a5807,Jennifer Lawrence,72129,7.3224,100,
actors,jim-carrey,tmdb.discover.movie.jim-carrey.fdd16f9c,Jim Carrey,206,6.542,100,
actors,johnny-depp,tmdb.discover.movie.johnny-depp.0d13bb79,Johnny Depp,85,7.7418,100,
actors,jonah-hill,tmdb.discover.movie.jonah-hill.6a5dc1f5,Jonah Hill,21007,3.694,100,
actors,julia-roberts,tmdb.discover.movie.julia-roberts.fd1cd267,Julia Roberts,1204,4.7909,100,
actors,katherine-heigl,tmdb.discover.movie.katherine-heigl.b76c1733,Katherine Heigl,25541,4.0288,100,
actors,leonardo-di-caprio,tmdb.discover.movie.leonardo-di-caprio.dce5cb4f,Leonardo DiCaprio,6193,10.5032,100,
actors,lily-collins,tmdb.discover.movie.lily-collins.a478bab5,Lily Collins,112561,3.6818,100,
actors,margot-robbie,tmdb.discover.movie.margot-robbie.80c20bb8,Margot Robbie,234352,8.5743,100,
actors,matt-damon,tmdb.discover.movie.matt-damon.958a5316,Matt Damon,1892,9.3435,100,
actors,matthew-mcconaughey,tmdb.discover.movie.matthew-mcconaughey.1b394bcb,Matthew McConaughey,10297,7.8555,100,
actors,melissa-mccarthy,tmdb.discover.movie.melissa-mccarthy.b396f8c9,Melissa McCarthy,55536,3.2857,100,
actors,meryl-streep,tmdb.discover.movie.meryl-streep.21ff1c24,Meryl Streep,5064,5.1685,100,
actors,michael-bully-herbig,tmdb.discover.movie.michael-bully-herbig.2c6c1219,Michael Herbig,18072,1.5718,60,yes
actors,mila-kunis,tmdb.discover.movie.mila-kunis.2aa97db2,Mila Kunis,18973,5.3167,100,
actors,millie-bobby-brown,tmdb.discover.movie.millie-bobby-brown.ee839670,Millie Bobby Brown,1356210,10.4066,100,
actors,morgan-freeman,tmdb.discover.movie.morgan-freeman.965c9727,Morgan Freeman,192,10.9031,100,
actors,nicolas-cage,tmdb.discover.movie.nicolas-cage.2fe0f033,Nicolas Cage,2963,9.4635,100,
actors,nicole-kidman,tmdb.discover.movie.nicole-kidman.08e58510,Nicole Kidman,2227,11.2083,100,
actors,owen-wilson,tmdb.discover.movie.owen-wilson.f21d1253,Owen Wilson,887,5.759,100,
actors,reese-witherspoon,tmdb.discover.movie.reese-witherspoon.e1da7d49,Reese Witherspoon,368,4.344,100,
actors,robert-downey-jr,tmdb.discover.movie.robert-downey-jr.17cab8b1,Robert Downey Jr.,3223,11.7179,100,
actors,robin-williams,tmdb.discover.movie.robin-williams.d5d7dba6,Robin Williams,2157,4.8862,100,
actors,ryan-reynolds,tmdb.discover.movie.ryan-reynolds.a60d951f,Ryan Reynolds,10859,7.3127,100,
actors,samuel-l-jackson,tmdb.discover.movie.samuel-l-jackson.15f6710e,Samuel L. Jackson,2231,7.8448,100,
actors,sandra-bullock,tmdb.discover.movie.sandra-bullock.8dd9cda7,Sandra Bullock,18277,8.4176,100,
actors,steve-carell,tmdb.discover.movie.steve-carell.c9f613f3,Steve Carell,4495,4.4478,100,
actors,sydney-sweeney,tmdb.discover.movie.sydney-sweeney.4b73edb9,Sydney Sweeney,115440,13.6056,100,
actors,sylvester-stallone,tmdb.discover.movie.sylvester-stallone.9629c04c,Sylvester Stallone,16483,8.2865,100,
actors,timothee-chalamet,tmdb.discover.movie.timothee-chalamet.ed83b91f,Timothée Chalamet,1190668,7.3286,60,yes
actors,tom-cruise,tmdb.discover.movie.tom-cruise.bb1cce9d,Tom Cruise,500,11.6218,100,
actors,tom-holland,tmdb.discover.movie.tom-holland.033e3590,Tom Holland,1136406,13.1191,100,
actors,zendaya,tmdb.discover.movie.zendaya.7ad0b6e5,Zendaya,505710,12.6906,100,
